Thứ hạng,Tên chiến dịch,Tăng trong kỳ,Lũy kế cuối kỳ,Lượt xem đầu kỳ,Số link,Số ngày có dữ liệu,Từ ngày,Đến ngày
1,Hương Sen Việt,366741,366966,225,4,13,2026-09-06,2026-09-30
2,Quảng Ninh,143284,158018,14734,1,25,2026-09-06,2026-09-30
3,Gia Lai,123885,137044,13159,1,25,2026-09-06,2026-09-30
4,Lâm Đồng,104360,119531,15171,1,25,2026-09-06,2026-09-30
5,Cần Thơ,103541,111102,7561,1,25,2026-09-06,2026-09-30
6,Quân ủy Trung ương,89468,99047,9579,1,25,2026-09-06,2026-09-30
7,Quảng Ngãi,77602,95807,18205,1,25,2026-09-06,2026-09-30
8,Vĩnh Long,67058,86162,19104,1,25,2026-09-06,2026-09-30
9,Khánh Hòa,45318,58738,13420,1,25,2026-09-06,2026-09-30
10,TP. Hồ Chí Minh,44915,50723,5808,1,25,2026-09-06,2026-09-30
11,Quảng Trị,36307,42691,6384,1,25,2026-09-06,2026-09-30
12,An Giang,32827,38323,5496,1,25,2026-09-06,2026-09-30
13,Đảng ủy Chính phủ,27747,29313,1566,1,25,2026-09-06,2026-09-30
14,Đồng Nai,22868,26552,3684,1,25,2026-09-06,2026-09-30
15,Đà Nẵng,21580,23618,2038,1,25,2026-09-06,2026-09-30
16,Thanh Hóa,21018,22078,1060,1,25,2026-09-06,2026-09-30
17,Lào Cai,19881,22201,2320,1,25,2026-09-06,2026-09-30
18,Hà Tĩnh,19750,22420,2670,1,25,2026-09-06,2026-09-30
19,Đắk Lắk,19152,19175,23,1,25,2026-09-06,2026-09-30
20,Đảng ủy MTTQ VN,18437,24639,6202,1,25,2026-09-06,2026-09-30
21,Bắc Ninh,17149,17182,33,1,25,2026-09-06,2026-09-30
22,Điện Biên,16908,17052,144,1,25,2026-09-06,2026-09-30
23,Hải Phòng,16794,18036,1242,1,25,2026-09-06,2026-09-30
24,Sơn La,16162,21366,5204,1,25,2026-09-06,2026-09-30
25,Lạng Sơn,15817,18769,2952,1,25,2026-09-06,2026-09-30
26,Đồng Tháp,15809,18390,2581,1,25,2026-09-06,2026-09-30
27,Hà Nội,15796,16751,955,1,25,2026-09-06,2026-09-30
28,Hưng Yên,15324,18160,2836,1,25,2026-09-06,2026-09-30
29,Ninh Bình,13837,18596,4759,1,25,2026-09-06,2026-09-30
30,Đảng ủy CATW,13347,22342,8995,1,25,2026-09-06,2026-09-30
31,Thái Nguyên,11048,12475,1427,1,25,2026-09-06,2026-09-30
32,Tuyên Quang,10851,12184,1333,1,25,2026-09-06,2026-09-30
33,Tây Ninh,9305,10455,1150,1,25,2026-09-06,2026-09-30
34,Đảng ủy CQĐTW,6250,6286,36,1,25,2026-09-06,2026-09-30
35,Cao Bằng,5431,6162,731,1,25,2026-09-06,2026-09-30
36,Nghệ An,5191,6685,1494,1,25,2026-09-06,2026-09-30
37,Lai Châu,4082,4836,754,1,25,2026-09-06,2026-09-30
38,Phú Thọ,3953,5012,1059,1,25,2026-09-06,2026-09-30
39,TP. Huế,3773,4014,241,1,25,2026-09-06,2026-09-30
40,Cà Mau,2133,2402,269,1,25,2026-09-06,2026-09-30
41,Đảng ủy Quốc hội,11,18,7,1,25,2026-09-06,2026-09-30